{
	"info": {
		"_postman_id": "1bb77911-3f85-4080-946c-746a9157ec3a",
		"name": "movie",
		"schema": "https://schema.getpostman.com/json/collection/v2.1.0/collection.json"
	},
	"item": [
		{
			"name": "http://localhost:8085/api/v1.0/moviebooking/register",
			"request": {
				"method": "POST",
				"header": [],
				"body": {
					"mode": "raw",
					"raw": "{\r\n    \"loginId\":\"arun1234\",\r\n    \"firstName\":\"Arun\",\r\n    \"lastName\":\"Kumar\",\r\n    \"email\":\"arunkumar@gmail.com\",\r\n    \"contactNumber\":\"1234567890\",\r\n    \"roles\":[\"admin\"],\r\n    \"password\":\"arun@1234\"\r\n}\r\n",
					"options": {
						"raw": {
							"language": "json"
						}
					}
				},
				"url": {
					"raw": "http://localhost:8085/api/v1.0/moviebooking/register",
					"protocol": "http",
					"host": [
						"localhost"
					],
					"port": "8085",
					"path": [
						"api",
						"v1.0",
						"moviebooking",
						"register"
					]
				}
			},
			"response": []
		}
	]
}